C,penalty,ndcg5
0.001,l2,0.32625748138240035
0.01,l2,0.32612922470778016
0.1,l2,0.32610424047125197
0.01,l1,0.3261031586437361
0.1,l1,0.3261031586437361
1.0,l1,0.3261031586437361
1.0,l2,0.3261031586437361
10.0,l1,0.3261031586437361
10.0,l2,0.3261031586437361
0.001,l1,0.32599479303917706
