booking_weight,ndcg5
5,0.32625748138240035
7,0.32466132086050586
10,0.3241243380260777
20,0.32325799158967794
3,0.3231768634205911
15,0.323067788353857
2,0.3218538190115695
1,0.3187209343720949
